Order ID,Order Date,Customer Name,Segment,Region,State,Category,Sub-Category,Product Name,Sales,Discount,Quantity,Profit
US-2021-1000,2017-12-27,Customer 672,Corporate,Central,California,Furniture,Chairs,Chairs - Model 52,1271.66,0.2,9,-66.1
US-2018-1001,2021-09-01,Customer 243,Home Office,South,Washington,Office Supplies,Binders,Binders - Model 100,30.58,0.2,7,-0.17
US-2018-1002,2021-09-21,Customer 109,Consumer,Central,Florida,Furniture,Tables,Tables - Model 93,1422.23,0.2,5,-160.02
US-2017-1003,2021-08-14,Customer 927,Corporate,East,Washington,Office Supplies,Paper,Paper - Model 92,370.78,0.1,7,74.0
US-2018-1004,2018-10-14,Customer 138,Home Office,Central,Illinois,Office Supplies,Binders,Binders - Model 60,1100.48,0.1,13,11.56
US-2018-1005,2019-09-29,Customer 216,Corporate,Central,Washington,Office Supplies,Paper,Paper - Model 47,953.78,0.2,2,112.37
US-2020-1006,2020-07-30,Customer 907,Consumer,Central,Illinois,Technology,Accessories,Accessories - Model 30,1473.03,0.2,14,52.48
US-2017-1007,2018-08-31,Customer 286,Home Office,West,Illinois,Technology,Copiers,Copiers - Model 40,718.77,0.2,10,56.65
US-2018-1008,2018-10-15,Customer 983,Home Office,West,Texas,Furniture,Chairs,Chairs - Model 80,1284.36,0.0,10,89.58
US-2020-1009,2018-03-10,Customer 129,Corporate,East,Illinois,Furniture,Chairs,Chairs - Model 79,857.57,0.3,1,-73.47
US-2020-1010,2021-12-23,Customer 509,Consumer,Central,Illinois,Technology,Accessories,Accessories - Model 35,868.57,0.3,14,-370.68
US-2018-1011,2018-12-28,Customer 646,Consumer,South,Texas,Technology,Copiers,Copiers - Model 82,72.73,0.2,12,-27.55
US-2020-1012,2017-10-10,Customer 523,Consumer,West,Washington,Office Supplies,Labels,Labels - Model 100,1178.59,0.3,8,-118.13
US-2020-1013,2021-06-10,Customer 122,Consumer,West,New York,Technology,Phones,Phones - Model 54,411.69,0.1,4,90.51
US-2019-1014,2017-11-22,Customer 570,Consumer,Central,Florida,Furniture,Tables,Tables - Model 34,134.98,0.3,7,-35.98
US-2019-1015,2018-08-08,Customer 613,Consumer,Central,Texas,Office Supplies,Binders,Binders - Model 23,606.65,0.1,14,-114.09
US-2020-1016,2017-02-26,Customer 605,Corporate,East,Florida,Furniture,Bookcases,Bookcases - Model 27,1319.62,0.2,5,204.41
US-2017-1017,2021-11-30,Customer 809,Corporate,Central,California,Technology,Accessories,Accessories - Model 62,239.45,0.3,9,-102.05
US-2021-1018,2017-11-11,Customer 682,Home Office,Central,California,Furniture,Chairs,Chairs - Model 39,630.91,0.0,14,140.77
US-2018-1019,2019-04-27,Customer 605,Corporate,East,Texas,Technology,Copiers,Copiers - Model 5,1018.97,0.3,11,6.05
US-2020-1020,2019-06-16,Customer 229,Corporate,East,Texas,Technology,Phones,Phones - Model 9,1429.97,0.0,9,378.83
US-2020-1021,2018-09-24,Customer 448,Home Office,East,Texas,Technology,Phones,Phones - Model 17,1240.98,0.1,3,161.74
US-2017-1022,2020-02-19,Customer 172,Corporate,South,New York,Office Supplies,Labels,Labels - Model 43,1241.42,0.0,5,-92.5
US-2018-1023,2018-06-19,Customer 558,Consumer,Central,Florida,Furniture,Chairs,Chairs - Model 24,96.52,0.0,15,2.13
US-2020-1024,2019-05-24,Customer 480,Corporate,East,Illinois,Furniture,Tables,Tables - Model 21,1061.74,0.2,11,-406.78
US-2019-1025,2020-06-14,Customer 983,Home Office,East,Illinois,Office Supplies,Binders,Binders - Model 47,746.18,0.1,7,-171.34
US-2020-1026,2018-03-10,Customer 619,Corporate,South,Texas,Technology,Copiers,Copiers - Model 26,1436.06,0.3,14,65.9
US-2017-1027,2021-06-03,Customer 741,Consumer,West,Illinois,Furniture,Bookcases,Bookcases - Model 34,201.2,0.0,3,-23.71
US-2017-1028,2021-10-24,Customer 790,Home Office,South,Illinois,Technology,Accessories,Accessories - Model 13,1194.79,0.0,13,156.1
US-2019-1029,2020-10-06,Customer 424,Consumer,Central,Illinois,Office Supplies,Labels,Labels - Model 61,249.01,0.2,2,-9.06
US-2020-1030,2018-08-30,Customer 831,Home Office,East,Florida,Furniture,Tables,Tables - Model 65,452.55,0.0,7,-46.35
US-2017-1031,2020-08-11,Customer 745,Consumer,Central,Texas,Furniture,Chairs,Chairs - Model 97,1009.41,0.0,11,-78.05
US-2020-1032,2019-10-11,Customer 750,Home Office,Central,Texas,Technology,Accessories,Accessories - Model 23,1385.92,0.2,11,186.8
US-2018-1033,2020-02-25,Customer 718,Consumer,East,California,Office Supplies,Paper,Paper - Model 73,1276.49,0.3,13,-289.09
US-2020-1034,2017-02-14,Customer 441,Corporate,West,California,Office Supplies,Labels,Labels - Model 25,784.66,0.1,12,214.24
US-2020-1035,2017-01-14,Customer 403,Consumer,East,Texas,Office Supplies,Labels,Labels - Model 86,820.07,0.1,13,-26.53
US-2019-1036,2018-07-16,Customer 452,Corporate,West,California,Office Supplies,Binders,Binders - Model 93,259.9,0.1,8,-24.88
US-2017-1037,2020-05-17,Customer 583,Corporate,West,Texas,Furniture,Bookcases,Bookcases - Model 44,298.01,0.1,6,-18.13
US-2019-1038,2020-04-14,Customer 723,Home Office,East,Washington,Technology,Phones,Phones - Model 19,1033.92,0.3,9,-361.22
US-2019-1039,2021-06-06,Customer 217,Corporate,Central,California,Technology,Copiers,Copiers - Model 5,786.96,0.1,12,174.44
US-2021-1040,2020-11-19,Customer 566,Corporate,Central,New York,Furniture,Bookcases,Bookcases - Model 54,1339.09,0.1,7,61.86
US-2021-1041,2019-08-26,Customer 269,Consumer,South,Florida,Office Supplies,Paper,Paper - Model 47,61.21,0.0,9,24.13
US-2018-1042,2017-03-16,Customer 912,Consumer,Central,Florida,Technology,Phones,Phones - Model 69,463.94,0.0,1,60.88
US-2020-1043,2020-10-07,Customer 835,Corporate,West,New York,Office Supplies,Binders,Binders - Model 89,547.22,0.2,4,27.71
US-2019-1044,2021-10-07,Customer 622,Consumer,Central,New York,Office Supplies,Labels,Labels - Model 43,1323.34,0.2,3,4.83
US-2018-1045,2020-04-22,Customer 675,Corporate,South,New York,Furniture,Bookcases,Bookcases - Model 85,1277.37,0.2,14,-44.6
US-2021-1046,2018-02-26,Customer 752,Home Office,East,Illinois,Office Supplies,Binders,Binders - Model 36,257.49,0.1,15,-13.99
US-2021-1047,2020-04-10,Customer 589,Consumer,West,Florida,Technology,Copiers,Copiers - Model 22,817.06,0.3,8,-141.96
US-2018-1048,2020-04-28,Customer 578,Consumer,West,California,Office Supplies,Labels,Labels - Model 100,760.78,0.3,10,-259.95
US-2019-1049,2017-08-13,Customer 633,Corporate,South,California,Furniture,Bookcases,Bookcases - Model 46,747.97,0.0,1,-130.04
US-2020-1050,2020-03-04,Customer 272,Home Office,South,New York,Technology,Phones,Phones - Model 78,1431.43,0.2,6,-560.29
US-2021-1051,2021-12-11,Customer 118,Home Office,West,New York,Technology,Accessories,Accessories - Model 75,1056.05,0.1,13,-417.55
US-2021-1052,2020-03-18,Customer 772,Consumer,South,Illinois,Furniture,Chairs,Chairs - Model 30,489.54,0.3,4,-282.87
US-2020-1053,2018-09-16,Customer 317,Corporate,East,Illinois,Technology,Accessories,Accessories - Model 74,927.66,0.0,4,153.93
US-2018-1054,2019-05-02,Customer 876,Consumer,South,Washington,Office Supplies,Labels,Labels - Model 2,1488.33,0.0,15,-368.53
US-2017-1055,2020-02-01,Customer 102,Consumer,East,Illinois,Office Supplies,Labels,Labels - Model 89,1417.15,0.0,8,206.41
US-2019-1056,2019-08-21,Customer 933,Home Office,South,Illinois,Office Supplies,Binders,Binders - Model 48,13.61,0.2,3,-2.23
US-2020-1057,2020-01-30,Customer 771,Corporate,West,Washington,Furniture,Chairs,Chairs - Model 35,628.46,0.0,14,170.27
US-2019-1058,2017-02-09,Customer 975,Consumer,Central,New York,Office Supplies,Binders,Binders - Model 39,17.11,0.1,5,0.32
US-2019-1059,2017-02-13,Customer 852,Home Office,West,Texas,Office Supplies,Binders,Binders - Model 70,601.78,0.0,2,75.34
US-2019-1060,2017-06-28,Customer 338,Consumer,West,Illinois,Technology,Accessories,Accessories - Model 74,1383.95,0.0,14,15.77
US-2020-1061,2019-10-01,Customer 174,Consumer,South,Texas,Furniture,Bookcases,Bookcases - Model 17,69.46,0.0,6,-8.22
US-2019-1062,2017-10-15,Customer 307,Home Office,Central,Illinois,Technology,Phones,Phones - Model 31,243.0,0.2,8,-5.49
US-2018-1063,2017-11-01,Customer 644,Consumer,Central,Florida,Technology,Copiers,Copiers - Model 67,801.95,0.1,2,-78.18
US-2019-1064,2020-01-04,Customer 316,Consumer,West,Washington,Furniture,Chairs,Chairs - Model 45,230.42,0.1,10,-78.23
US-2017-1065,2018-07-19,Customer 783,Home Office,South,Texas,Furniture,Chairs,Chairs - Model 70,86.76,0.3,14,-34.98
US-2020-1066,2017-04-16,Customer 802,Home Office,South,New York,Furniture,Tables,Tables - Model 63,1436.68,0.0,15,25.85
US-2018-1067,2017-07-03,Customer 957,Home Office,East,Texas,Furniture,Tables,Tables - Model 95,779.92,0.1,1,-105.71
US-2018-1068,2021-10-05,Customer 148,Consumer,East,Texas,Office Supplies,Labels,Labels - Model 61,1112.2,0.1,11,132.06
US-2019-1069,2021-01-16,Customer 512,Consumer,West,California,Technology,Copiers,Copiers - Model 36,727.91,0.0,4,-107.1
US-2017-1070,2018-06-01,Customer 941,Home Office,South,Illinois,Technology,Phones,Phones - Model 54,1483.77,0.2,12,-205.52
US-2017-1071,2019-08-07,Customer 916,Consumer,East,Florida,Furniture,Tables,Tables - Model 18,614.13,0.2,3,105.34
US-2019-1072,2017-01-05,Customer 521,Corporate,South,California,Technology,Accessories,Accessories - Model 39,196.92,0.2,15,-73.59
US-2020-1073,2021-09-05,Customer 392,Corporate,East,New York,Furniture,Tables,Tables - Model 81,1160.74,0.0,3,91.35
US-2017-1074,2021-02-10,Customer 599,Corporate,East,Florida,Office Supplies,Labels,Labels - Model 14,219.56,0.2,14,-62.59
US-2019-1075,2017-03-03,Customer 465,Corporate,West,New York,Office Supplies,Labels,Labels - Model 64,818.02,0.2,8,-185.8
US-2018-1076,2018-04-05,Customer 568,Corporate,South,Washington,Office Supplies,Paper,Paper - Model 99,781.45,0.3,11,-423.9
US-2021-1077,2017-08-08,Customer 724,Corporate,West,Illinois,Furniture,Bookcases,Bookcases - Model 100,1323.5,0.1,5,376.03
US-2020-1078,2018-06-10,Customer 247,Corporate,East,Illinois,Office Supplies,Binders,Binders - Model 12,481.32,0.2,1,-140.09
US-2018-1079,2020-09-05,Customer 885,Corporate,Central,California,Furniture,Bookcases,Bookcases - Model 31,64.58,0.0,5,10.93
US-2017-1080,2017-02-13,Customer 560,Home Office,Central,Washington,Technology,Phones,Phones - Model 45,1430.53,0.2,10,-101.69
US-2018-1081,2018-05-09,Customer 218,Home Office,West,Illinois,Furniture,Bookcases,Bookcases - Model 85,798.17,0.2,13,-257.91
US-2021-1082,2017-08-14,Customer 230,Corporate,Central,Texas,Technology,Copiers,Copiers - Model 33,220.14,0.2,13,4.9
US-2018-1083,2017-04-29,Customer 275,Consumer,Central,Florida,Furniture,Chairs,Chairs - Model 74,1340.36,0.1,13,323.32
US-2018-1084,2019-07-05,Customer 642,Consumer,South,Washington,Office Supplies,Paper,Paper - Model 50,1281.22,0.0,4,317.3
US-2021-1085,2021-12-20,Customer 886,Corporate,South,Florida,Technology,Copiers,Copiers - Model 26,1284.08,0.3,12,4.13
US-2020-1086,2019-03-03,Customer 252,Corporate,Central,New York,Furniture,Tables,Tables - Model 4,847.58,0.0,13,-142.89
US-2021-1087,2017-11-02,Customer 267,Consumer,East,Texas,Furniture,Chairs,Chairs - Model 2,857.36,0.3,8,-90.9
US-2017-1088,2017-12-28,Customer 643,Home Office,West,New York,Office Supplies,Binders,Binders - Model 56,1246.64,0.3,14,70.52
US-2021-1089,2017-06-05,Customer 497,Corporate,East,Florida,Furniture,Chairs,Chairs - Model 5,1193.29,0.3,9,-67.79
US-2020-1090,2020-03-04,Customer 476,Home Office,West,Texas,Technology,Accessories,Accessories - Model 32,208.76,0.1,13,55.32
US-2017-1091,2020-04-14,Customer 399,Corporate,Central,Washington,Office Supplies,Labels,Labels - Model 5,1175.21,0.1,6,157.49
US-2021-1092,2018-02-05,Customer 369,Corporate,East,Illinois,Office Supplies,Paper,Paper - Model 24,250.03,0.3,11,-22.46
US-2020-1093,2019-10-03,Customer 544,Home Office,West,California,Technology,Accessories,Accessories - Model 62,1312.01,0.2,2,-601.99
US-2020-1094,2017-12-25,Customer 330,Home Office,East,Florida,Technology,Phones,Phones - Model 49,961.2,0.0,10,19.55
US-2021-1095,2019-05-28,Customer 236,Corporate,South,Washington,Furniture,Chairs,Chairs - Model 67,341.58,0.0,12,-82.58
US-2019-1096,2021-10-28,Customer 886,Home Office,Central,New York,Office Supplies,Paper,Paper - Model 41,826.63,0.3,6,-177.09
US-2020-1097,2021-11-26,Customer 174,Corporate,Central,Illinois,Technology,Accessories,Accessories - Model 16,359.45,0.2,12,-115.75
US-2017-1098,2017-12-14,Customer 686,Home Office,South,Illinois,Furniture,Bookcases,Bookcases - Model 42,321.42,0.3,1,-113.99
US-2018-1099,2019-08-16,Customer 625,Corporate,Central,Florida,Furniture,Tables,Tables - Model 65,815.3,0.3,11,-243.31
US-2021-1100,2020-05-17,Customer 695,Home Office,East,Florida,Furniture,Bookcases,Bookcases - Model 73,987.94,0.0,7,-76.26
US-2017-1101,2021-08-26,Customer 306,Home Office,South,New York,Furniture,Chairs,Chairs - Model 6,196.91,0.3,6,-84.97
US-2018-1102,2018-06-16,Customer 200,Home Office,East,New York,Technology,Phones,Phones - Model 100,1469.9,0.0,5,-383.89
US-2019-1103,2018-06-24,Customer 632,Consumer,East,Texas,Office Supplies,Binders,Binders - Model 53,1350.46,0.1,1,282.79
US-2020-1104,2017-03-14,Customer 779,Corporate,East,Texas,Technology,Accessories,Accessories - Model 94,1185.79,0.3,11,6.61
US-2019-1105,2018-03-21,Customer 359,Home Office,East,Washington,Furniture,Chairs,Chairs - Model 61,1134.43,0.3,1,-674.89
US-2017-1106,2017-09-15,Customer 779,Home Office,Central,Texas,Furniture,Tables,Tables - Model 26,103.65,0.0,3,-10.73
US-2018-1107,2019-06-15,Customer 956,Corporate,West,California,Furniture,Bookcases,Bookcases - Model 76,981.75,0.2,8,-228.73
US-2019-1108,2017-01-28,Customer 174,Corporate,West,Washington,Office Supplies,Labels,Labels - Model 7,1114.04,0.0,5,112.19
US-2017-1109,2018-03-07,Customer 464,Home Office,Central,New York,Office Supplies,Binders,Binders - Model 64,625.2,0.3,15,-284.53
US-2018-1110,2018-04-26,Customer 593,Corporate,West,Texas,Technology,Accessories,Accessories - Model 82,1276.82,0.2,3,-478.74
US-2018-1111,2019-06-20,Customer 790,Home Office,East,Florida,Furniture,Chairs,Chairs - Model 28,923.96,0.1,3,192.14
US-2017-1112,2021-04-14,Customer 425,Home Office,West,New York,Office Supplies,Paper,Paper - Model 87,1250.64,0.0,10,-347.85
US-2021-1113,2019-11-25,Customer 590,Home Office,Central,Illinois,Furniture,Tables,Tables - Model 70,1242.04,0.1,14,-243.37
US-2019-1114,2019-11-11,Customer 773,Consumer,South,California,Office Supplies,Binders,Binders - Model 12,990.32,0.2,10,-282.22
US-2017-1115,2019-11-04,Customer 681,Corporate,Central,Florida,Technology,Accessories,Accessories - Model 24,295.75,0.1,6,13.12
US-2019-1116,2018-10-10,Customer 160,Home Office,West,Illinois,Technology,Copiers,Copiers - Model 75,7.69,0.0,13,2.04
US-2019-1117,2020-03-18,Customer 317,Corporate,Central,Florida,Office Supplies,Paper,Paper - Model 24,1371.88,0.2,4,-128.03
US-2019-1118,2018-08-13,Customer 191,Home Office,West,New York,Technology,Phones,Phones - Model 3,1468.04,0.2,5,-52.2
US-2021-1119,2020-10-27,Customer 850,Consumer,West,Florida,Office Supplies,Paper,Paper - Model 14,897.28,0.2,14,117.56
US-2020-1120,2020-12-29,Customer 939,Corporate,East,Texas,Office Supplies,Labels,Labels - Model 53,94.85,0.2,6,-6.68
US-2017-1121,2021-12-30,Customer 957,Home Office,Central,Washington,Furniture,Tables,Tables - Model 42,1367.49,0.0,15,88.83
US-2018-1122,2017-01-30,Customer 261,Home Office,West,California,Office Supplies,Labels,Labels - Model 77,745.98,0.0,11,109.48
US-2020-1123,2020-01-16,Customer 772,Consumer,West,Washington,Office Supplies,Paper,Paper - Model 85,576.12,0.3,10,-18.99
US-2021-1124,2020-10-04,Customer 856,Consumer,Central,Washington,Technology,Phones,Phones - Model 14,1379.28,0.3,12,-184.64
US-2019-1125,2021-01-30,Customer 814,Corporate,West,Washington,Office Supplies,Paper,Paper - Model 35,555.43,0.0,3,209.47
US-2020-1126,2019-10-24,Customer 881,Consumer,Central,Florida,Office Supplies,Binders,Binders - Model 88,452.94,0.3,5,-6.49
US-2021-1127,2021-11-08,Customer 782,Consumer,East,Washington,Office Supplies,Binders,Binders - Model 55,1020.77,0.0,5,175.29
US-2018-1128,2019-12-09,Customer 250,Home Office,Central,Washington,Office Supplies,Binders,Binders - Model 75,784.99,0.1,6,135.03
US-2020-1129,2020-09-04,Customer 711,Corporate,East,California,Technology,Accessories,Accessories - Model 90,914.81,0.1,14,-19.45
US-2020-1130,2017-03-19,Customer 900,Corporate,West,California,Technology,Copiers,Copiers - Model 28,589.61,0.1,9,82.25
US-2019-1131,2021-10-25,Customer 537,Home Office,South,Washington,Office Supplies,Paper,Paper - Model 65,757.52,0.0,12,214.24
US-2019-1132,2017-04-11,Customer 872,Home Office,Central,Florida,Technology,Copiers,Copiers - Model 78,1489.64,0.3,5,-882.19
US-2017-1133,2021-09-30,Customer 993,Home Office,Central,Illinois,Furniture,Chairs,Chairs - Model 51,1381.96,0.2,10,20.31
US-2019-1134,2019-12-11,Customer 555,Home Office,East,Washington,Office Supplies,Binders,Binders - Model 78,850.08,0.3,5,-1.83
US-2020-1135,2019-01-11,Customer 835,Corporate,West,California,Technology,Copiers,Copiers - Model 79,1294.84,0.0,12,282.31
US-2018-1136,2018-12-22,Customer 719,Consumer,West,Texas,Furniture,Tables,Tables - Model 53,127.87,0.0,3,14.28
US-2021-1137,2020-03-12,Customer 407,Home Office,West,Illinois,Office Supplies,Paper,Paper - Model 99,1308.17,0.0,4,459.48
US-2019-1138,2020-11-26,Customer 253,Consumer,West,New York,Furniture,Bookcases,Bookcases - Model 48,1458.96,0.3,7,-432.97
US-2018-1139,2017-12-25,Customer 575,Consumer,Central,Washington,Technology,Phones,Phones - Model 80,1386.46,0.2,10,-88.61
US-2018-1140,2017-05-02,Customer 603,Home Office,East,Washington,Technology,Copiers,Copiers - Model 11,982.57,0.1,3,-161.32
US-2021-1141,2020-01-11,Customer 600,Corporate,West,California,Office Supplies,Binders,Binders - Model 8,390.8,0.0,4,55.3
US-2019-1142,2021-01-08,Customer 139,Consumer,Central,New York,Office Supplies,Binders,Binders - Model 16,1209.58,0.0,4,-278.16
US-2020-1143,2019-01-19,Customer 248,Corporate,East,Washington,Technology,Copiers,Copiers - Model 69,1028.84,0.1,3,15.36
US-2017-1144,2020-03-25,Customer 897,Home Office,South,Texas,Technology,Copiers,Copiers - Model 19,631.32,0.3,8,-276.43
US-2019-1145,2020-07-20,Customer 141,Consumer,West,Illinois,Technology,Copiers,Copiers - Model 4,18.9,0.0,1,3.94
US-2021-1146,2018-11-28,Customer 632,Corporate,West,New York,Furniture,Chairs,Chairs - Model 30,215.52,0.3,7,-42.7
US-2021-1147,2018-07-09,Customer 973,Corporate,Central,Florida,Furniture,Chairs,Chairs - Model 82,277.7,0.2,14,0.32
US-2019-1148,2017-06-09,Customer 669,Consumer,East,California,Office Supplies,Paper,Paper - Model 80,1435.46,0.3,10,-831.56
US-2020-1149,2017-09-06,Customer 502,Home Office,Central,Texas,Technology,Copiers,Copiers - Model 18,16.91,0.1,6,-1.11
US-2020-1150,2021-05-29,Customer 107,Home Office,Central,Illinois,Technology,Accessories,Accessories - Model 81,1004.71,0.1,2,-139.74
US-2020-1151,2021-08-25,Customer 173,Corporate,West,Florida,Office Supplies,Labels,Labels - Model 72,240.07,0.0,7,56.0
US-2019-1152,2017-03-20,Customer 375,Home Office,South,Washington,Office Supplies,Binders,Binders - Model 90,1475.02,0.2,9,-551.2
US-2018-1153,2020-11-24,Customer 137,Corporate,Central,New York,Technology,Accessories,Accessories - Model 52,1002.09,0.0,14,-109.36
US-2019-1154,2018-12-02,Customer 657,Consumer,Central,California,Office Supplies,Paper,Paper - Model 63,559.79,0.1,14,-46.44
US-2018-1155,2019-08-14,Customer 447,Home Office,West,New York,Technology,Copiers,Copiers - Model 40,950.19,0.2,9,-351.67
US-2020-1156,2020-08-11,Customer 450,Consumer,South,Illinois,Technology,Copiers,Copiers - Model 67,400.96,0.2,3,-3.96
US-2020-1157,2018-08-26,Customer 973,Consumer,Central,New York,Office Supplies,Binders,Binders - Model 64,897.52,0.2,10,-398.48
US-2017-1158,2018-05-09,Customer 733,Corporate,West,Florida,Office Supplies,Binders,Binders - Model 89,576.95,0.1,5,-71.29
US-2021-1159,2018-03-14,Customer 981,Corporate,South,Texas,Office Supplies,Binders,Binders - Model 47,1456.32,0.3,15,-654.4
US-2020-1160,2021-07-07,Customer 157,Corporate,South,California,Office Supplies,Labels,Labels - Model 72,1189.05,0.1,12,269.09
US-2017-1161,2017-05-10,Customer 652,Consumer,West,New York,Furniture,Bookcases,Bookcases - Model 25,1302.51,0.2,8,-551.32
US-2018-1162,2021-01-16,Customer 934,Corporate,South,Florida,Technology,Copiers,Copiers - Model 52,231.68,0.3,14,14.45
US-2020-1163,2018-01-29,Customer 942,Home Office,West,Washington,Furniture,Bookcases,Bookcases - Model 79,384.59,0.0,6,147.79
US-2020-1164,2019-04-13,Customer 433,Home Office,West,Florida,Furniture,Chairs,Chairs - Model 49,844.28,0.3,7,-333.49
US-2020-1165,2019-10-28,Customer 639,Corporate,East,New York,Furniture,Bookcases,Bookcases - Model 34,1374.74,0.3,12,-159.06
US-2019-1166,2021-11-17,Customer 805,Consumer,South,New York,Furniture,Bookcases,Bookcases - Model 43,441.01,0.0,12,-99.96
US-2021-1167,2019-02-27,Customer 169,Home Office,East,Texas,Furniture,Tables,Tables - Model 26,28.47,0.3,12,-0.42
US-2017-1168,2018-06-24,Customer 776,Consumer,East,Texas,Technology,Accessories,Accessories - Model 91,704.57,0.1,14,-228.9
US-2018-1169,2019-07-18,Customer 626,Home Office,South,California,Technology,Phones,Phones - Model 52,590.64,0.2,4,6.71
US-2018-1170,2019-02-20,Customer 833,Corporate,Central,Florida,Office Supplies,Paper,Paper - Model 97,464.2,0.3,8,-194.35
US-2021-1171,2018-03-27,Customer 926,Corporate,East,Texas,Office Supplies,Binders,Binders - Model 17,321.93,0.1,11,6.38
US-2018-1172,2017-03-16,Customer 251,Home Office,South,California,Technology,Accessories,Accessories - Model 54,1438.99,0.2,5,-190.32
US-2018-1173,2017-09-21,Customer 356,Corporate,Central,Washington,Technology,Copiers,Copiers - Model 91,1089.25,0.1,7,238.69
US-2019-1174,2020-08-07,Customer 268,Corporate,South,Illinois,Technology,Accessories,Accessories - Model 99,1274.24,0.0,4,41.01
US-2020-1175,2019-10-23,Customer 520,Home Office,Central,New York,Technology,Accessories,Accessories - Model 52,50.72,0.1,12,7.38
US-2017-1176,2019-08-13,Customer 553,Home Office,South,California,Technology,Copiers,Copiers - Model 37,1197.96,0.0,11,228.96
US-2018-1177,2019-01-07,Customer 994,Home Office,Central,Texas,Furniture,Chairs,Chairs - Model 72,1059.27,0.3,3,-417.14
US-2019-1178,2020-10-03,Customer 867,Home Office,Central,Texas,Office Supplies,Paper,Paper - Model 11,12.08,0.0,4,-1.31
US-2017-1179,2017-11-12,Customer 189,Home Office,South,Texas,Furniture,Chairs,Chairs - Model 50,544.26,0.1,8,87.13
US-2020-1180,2020-09-22,Customer 995,Consumer,East,California,Office Supplies,Labels,Labels - Model 87,277.86,0.3,8,-108.43
US-2017-1181,2018-08-26,Customer 738,Home Office,East,Washington,Furniture,Chairs,Chairs - Model 14,362.48,0.1,11,-24.53
US-2019-1182,2019-05-05,Customer 509,Home Office,East,California,Technology,Phones,Phones - Model 25,787.23,0.0,9,43.38
US-2018-1183,2019-11-19,Customer 612,Consumer,Central,California,Furniture,Bookcases,Bookcases - Model 61,207.26,0.3,14,-88.15
US-2018-1184,2021-02-19,Customer 820,Corporate,South,California,Technology,Phones,Phones - Model 9,576.55,0.3,8,-335.7
US-2020-1185,2021-12-24,Customer 642,Corporate,West,Florida,Technology,Phones,Phones - Model 51,80.25,0.0,10,-0.17
US-2018-1186,2021-11-13,Customer 141,Consumer,Central,California,Furniture,Bookcases,Bookcases - Model 87,232.12,0.2,8,33.2
US-2021-1187,2018-02-22,Customer 472,Corporate,Central,Illinois,Office Supplies,Labels,Labels - Model 2,567.37,0.2,4,-242.06
US-2018-1188,2020-03-03,Customer 448,Home Office,South,Illinois,Office Supplies,Labels,Labels - Model 22,1139.87,0.2,4,46.91
US-2017-1189,2020-12-30,Customer 897,Home Office,Central,Florida,Technology,Phones,Phones - Model 65,78.81,0.2,4,-19.13
US-2019-1190,2019-08-10,Customer 235,Consumer,West,Texas,Technology,Copiers,Copiers - Model 26,1025.24,0.0,9,78.16
US-2020-1191,2021-11-28,Customer 148,Consumer,South,Illinois,Furniture,Tables,Tables - Model 18,323.07,0.2,12,49.7
US-2019-1192,2020-04-03,Customer 559,Consumer,East,Florida,Furniture,Bookcases,Bookcases - Model 75,1092.04,0.0,8,-103.97
US-2018-1193,2021-10-17,Customer 642,Consumer,South,Florida,Technology,Accessories,Accessories - Model 3,1322.22,0.0,7,-316.14
US-2019-1194,2021-07-26,Customer 955,Home Office,West,New York,Office Supplies,Labels,Labels - Model 6,1131.09,0.2,7,130.3
US-2019-1195,2018-10-07,Customer 341,Home Office,South,Washington,Technology,Accessories,Accessories - Model 70,723.19,0.3,10,-38.57
US-2017-1196,2020-07-03,Customer 645,Corporate,West,Texas,Office Supplies,Paper,Paper - Model 42,1305.5,0.2,9,-386.41
US-2021-1197,2020-07-01,Customer 846,Home Office,South,Texas,Office Supplies,Labels,Labels - Model 54,904.02,0.1,12,-326.13
US-2020-1198,2018-04-02,Customer 476,Home Office,East,Florida,Furniture,Tables,Tables - Model 24,346.72,0.3,9,-121.15
US-2019-1199,2019-09-28,Customer 255,Home Office,West,Washington,Furniture,Tables,Tables - Model 99,591.74,0.3,15,-278.33
US-2021-1200,2021-12-10,Customer 104,Home Office,South,New York,Technology,Accessories,Accessories - Model 81,1135.01,0.0,9,-148.65
US-2021-1201,2020-01-20,Customer 713,Home Office,West,California,Furniture,Bookcases,Bookcases - Model 1,527.53,0.0,12,63.64
US-2019-1202,2020-03-10,Customer 810,Consumer,South,Illinois,Technology,Accessories,Accessories - Model 57,217.57,0.1,1,-45.36
US-2018-1203,2020-08-05,Customer 611,Consumer,East,Florida,Technology,Accessories,Accessories - Model 50,732.9,0.1,1,-28.15
US-2020-1204,2020-06-21,Customer 166,Consumer,South,New York,Office Supplies,Labels,Labels - Model 60,709.44,0.0,4,140.49
US-2019-1205,2020-02-06,Customer 562,Corporate,Central,Washington,Technology,Phones,Phones - Model 47,1317.4,0.0,14,91.56
US-2018-1206,2020-05-19,Customer 561,Corporate,West,New York,Furniture,Chairs,Chairs - Model 15,600.89,0.2,7,-143.95
US-2017-1207,2019-09-09,Customer 851,Home Office,East,Washington,Furniture,Tables,Tables - Model 39,413.13,0.2,8,-87.18
US-2017-1208,2021-01-08,Customer 245,Home Office,Central,California,Technology,Accessories,Accessories - Model 56,1362.17,0.1,6,246.07
US-2021-1209,2019-11-16,Customer 485,Consumer,South,Florida,Office Supplies,Labels,Labels - Model 46,65.34,0.3,4,-2.62
US-2020-1210,2020-08-06,Customer 988,Home Office,Central,Washington,Office Supplies,Binders,Binders - Model 25,1367.88,0.2,2,-438.32
US-2017-1211,2019-10-29,Customer 345,Corporate,South,California,Furniture,Tables,Tables - Model 59,342.52,0.2,1,59.97
US-2020-1212,2020-06-06,Customer 386,Corporate,West,Florida,Furniture,Tables,Tables - Model 84,806.99,0.1,5,-74.96
US-2019-1213,2019-11-28,Customer 843,Home Office,West,Texas,Office Supplies,Labels,Labels - Model 61,735.76,0.0,10,-171.91
US-2019-1214,2020-08-10,Customer 368,Home Office,West,Florida,Furniture,Chairs,Chairs - Model 71,1171.05,0.2,6,-536.9
US-2017-1215,2017-07-08,Customer 485,Home Office,Central,Washington,Office Supplies,Paper,Paper - Model 63,874.84,0.2,4,26.37
US-2018-1216,2018-10-25,Customer 730,Corporate,East,Illinois,Technology,Copiers,Copiers - Model 59,362.68,0.0,13,69.38
US-2019-1217,2018-07-25,Customer 585,Consumer,East,Texas,Technology,Accessories,Accessories - Model 64,881.7,0.1,5,-299.55
US-2020-1218,2021-10-19,Customer 472,Consumer,South,California,Office Supplies,Binders,Binders - Model 50,569.43,0.1,3,80.44
US-2019-1219,2018-02-10,Customer 927,Corporate,East,Florida,Office Supplies,Labels,Labels - Model 45,1026.97,0.0,8,47.45
US-2017-1220,2020-02-19,Customer 388,Corporate,South,Texas,Furniture,Chairs,Chairs - Model 96,762.34,0.0,11,-146.5
US-2017-1221,2019-08-16,Customer 371,Consumer,Central,Illinois,Furniture,Chairs,Chairs - Model 44,215.59,0.0,9,-25.82
US-2021-1222,2020-11-02,Customer 717,Consumer,East,Texas,Furniture,Bookcases,Bookcases - Model 58,370.76,0.1,6,-34.32
US-2019-1223,2017-09-05,Customer 651,Home Office,South,Texas,Technology,Accessories,Accessories - Model 11,758.88,0.2,8,-366.04
US-2020-1224,2017-09-30,Customer 742,Corporate,West,California,Furniture,Bookcases,Bookcases - Model 78,468.05,0.2,7,-7.69
US-2017-1225,2018-05-13,Customer 991,Consumer,South,New York,Office Supplies,Labels,Labels - Model 41,89.6,0.3,14,-29.43
US-2021-1226,2020-07-14,Customer 484,Corporate,East,California,Furniture,Tables,Tables - Model 64,763.75,0.1,13,34.97
US-2021-1227,2021-03-09,Customer 858,Consumer,Central,Texas,Furniture,Chairs,Chairs - Model 92,850.05,0.3,14,-305.73
US-2020-1228,2018-01-01,Customer 181,Corporate,South,Florida,Technology,Accessories,Accessories - Model 26,230.48,0.2,5,35.35
US-2018-1229,2018-10-10,Customer 558,Corporate,East,Texas,Furniture,Bookcases,Bookcases - Model 86,1110.35,0.1,11,-434.22
US-2021-1230,2019-11-20,Customer 549,Consumer,Central,California,Furniture,Tables,Tables - Model 57,1229.36,0.2,3,-310.41
US-2019-1231,2017-03-04,Customer 701,Home Office,West,Florida,Office Supplies,Labels,Labels - Model 32,552.08,0.1,10,63.67
US-2017-1232,2021-09-12,Customer 994,Home Office,East,Florida,Technology,Copiers,Copiers - Model 57,644.1,0.1,8,161.09
US-2021-1233,2018-11-25,Customer 228,Corporate,South,California,Technology,Accessories,Accessories - Model 96,1320.22,0.3,3,-318.68
US-2019-1234,2020-11-23,Customer 301,Home Office,South,New York,Office Supplies,Binders,Binders - Model 45,125.88,0.1,5,-35.46
US-2018-1235,2019-01-20,Customer 192,Corporate,South,California,Office Supplies,Paper,Paper - Model 75,826.31,0.0,14,-62.05
US-2017-1236,2019-02-24,Customer 297,Home Office,East,Illinois,Furniture,Chairs,Chairs - Model 99,630.58,0.2,7,-90.05
US-2018-1237,2017-10-05,Customer 840,Corporate,Central,Washington,Office Supplies,Binders,Binders - Model 9,1487.3,0.0,9,331.07
US-2021-1238,2019-09-21,Customer 159,Corporate,West,Illinois,Technology,Phones,Phones - Model 16,312.83,0.3,7,-5.94
US-2019-1239,2019-05-23,Customer 929,Home Office,West,New York,Office Supplies,Labels,Labels - Model 16,840.97,0.1,1,-91.37
US-2017-1240,2019-09-27,Customer 678,Corporate,East,Illinois,Furniture,Bookcases,Bookcases - Model 33,320.65,0.1,7,-4.99
US-2019-1241,2019-05-13,Customer 155,Home Office,West,California,Office Supplies,Binders,Binders - Model 7,1013.51,0.0,7,-108.73
US-2021-1242,2018-03-17,Customer 973,Consumer,East,California,Technology,Copiers,Copiers - Model 33,1166.72,0.2,6,-287.43
US-2018-1243,2021-12-01,Customer 973,Home Office,West,Texas,Furniture,Chairs,Chairs - Model 32,1084.14,0.2,9,-490.42
US-2017-1244,2019-12-08,Customer 638,Home Office,Central,Illinois,Furniture,Tables,Tables - Model 96,426.65,0.1,5,-20.46
US-2017-1245,2019-10-28,Customer 762,Corporate,West,Washington,Technology,Accessories,Accessories - Model 12,1334.29,0.0,5,-364.27
US-2018-1246,2019-10-24,Customer 301,Corporate,West,Texas,Technology,Phones,Phones - Model 76,380.55,0.1,5,-16.47
US-2018-1247,2020-07-29,Customer 388,Consumer,West,New York,Office Supplies,Labels,Labels - Model 3,1365.05,0.2,12,-20.46
US-2019-1248,2019-05-17,Customer 604,Home Office,East,Florida,Office Supplies,Paper,Paper - Model 72,913.4,0.1,5,265.08
US-2021-1249,2020-06-22,Customer 600,Consumer,East,California,Furniture,Chairs,Chairs - Model 5,1252.92,0.0,7,-207.93
US-2021-1250,2017-06-22,Customer 857,Corporate,South,Illinois,Technology,Accessories,Accessories - Model 71,690.53,0.2,9,-104.61
US-2017-1251,2017-02-05,Customer 185,Corporate,South,Washington,Technology,Accessories,Accessories - Model 67,967.97,0.3,6,-251.8
US-2017-1252,2017-06-27,Customer 846,Home Office,Central,California,Technology,Phones,Phones - Model 58,1274.94,0.2,14,37.4
US-2021-1253,2019-03-26,Customer 370,Home Office,South,Texas,Furniture,Tables,Tables - Model 11,1063.44,0.1,9,-156.74
US-2020-1254,2018-09-13,Customer 734,Corporate,Central,Washington,Technology,Accessories,Accessories - Model 86,1001.02,0.3,5,35.86
US-2018-1255,2017-09-15,Customer 871,Corporate,West,Florida,Furniture,Tables,Tables - Model 31,96.85,0.0,14,12.57
US-2020-1256,2018-10-21,Customer 436,Home Office,Central,Texas,Furniture,Chairs,Chairs - Model 4,346.59,0.2,1,-98.54
US-2017-1257,2021-01-02,Customer 812,Consumer,West,Texas,Office Supplies,Paper,Paper - Model 65,1216.75,0.3,13,-597.09
US-2019-1258,2021-12-20,Customer 207,Corporate,West,Florida,Technology,Copiers,Copiers - Model 45,1265.16,0.3,5,-671.7
US-2019-1259,2020-11-14,Customer 161,Home Office,South,New York,Office Supplies,Labels,Labels - Model 26,1026.07,0.2,10,142.08
US-2020-1260,2017-11-26,Customer 836,Home Office,Central,California,Office Supplies,Paper,Paper - Model 94,396.94,0.1,14,98.83
US-2018-1261,2019-03-31,Customer 205,Corporate,East,Washington,Furniture,Chairs,Chairs - Model 63,990.28,0.2,14,-184.4
US-2020-1262,2019-07-16,Customer 247,Consumer,Central,California,Office Supplies,Binders,Binders - Model 39,1439.55,0.1,8,-511.93
US-2020-1263,2020-03-27,Customer 322,Consumer,West,Washington,Office Supplies,Labels,Labels - Model 74,311.59,0.1,7,-74.18
US-2021-1264,2018-07-26,Customer 608,Consumer,Central,New York,Office Supplies,Paper,Paper - Model 70,1029.17,0.1,11,-344.57
US-2019-1265,2018-02-24,Customer 576,Consumer,South,Florida,Furniture,Chairs,Chairs - Model 95,448.76,0.0,11,110.24
US-2020-1266,2020-05-18,Customer 711,Corporate,South,New York,Office Supplies,Paper,Paper - Model 71,1268.07,0.0,1,220.59
US-2017-1267,2021-09-22,Customer 997,Consumer,South,California,Office Supplies,Paper,Paper - Model 1,774.6,0.0,10,-135.34
US-2018-1268,2020-04-06,Customer 487,Home Office,West,California,Furniture,Tables,Tables - Model 29,1441.85,0.2,9,138.28
US-2017-1269,2017-04-08,Customer 527,Consumer,East,Illinois,Technology,Phones,Phones - Model 15,360.14,0.0,6,-91.18
US-2019-1270,2017-11-27,Customer 441,Home Office,West,Texas,Furniture,Bookcases,Bookcases - Model 96,501.71,0.3,11,-200.72
US-2018-1271,2017-01-22,Customer 457,Consumer,Central,New York,Technology,Copiers,Copiers - Model 53,1132.55,0.1,12,284.12
US-2018-1272,2019-05-13,Customer 390,Home Office,South,Texas,Furniture,Chairs,Chairs - Model 44,129.97,0.1,11,21.16
US-2018-1273,2019-08-09,Customer 187,Home Office,West,New York,Furniture,Chairs,Chairs - Model 74,241.1,0.1,7,15.12
US-2018-1274,2020-05-06,Customer 997,Home Office,West,Illinois,Furniture,Bookcases,Bookcases - Model 4,891.67,0.3,11,-250.16
US-2021-1275,2017-07-30,Customer 484,Corporate,West,Washington,Technology,Accessories,Accessories - Model 82,1136.56,0.2,5,199.94
US-2018-1276,2021-01-01,Customer 476,Home Office,West,Washington,Office Supplies,Binders,Binders - Model 10,175.3,0.1,1,-27.28
US-2021-1277,2018-08-16,Customer 670,Corporate,East,New York,Furniture,Bookcases,Bookcases - Model 69,1267.41,0.1,7,247.68
US-2019-1278,2017-03-06,Customer 208,Corporate,West,Texas,Furniture,Chairs,Chairs - Model 79,1202.61,0.0,15,330.23
US-2019-1279,2021-03-08,Customer 898,Consumer,East,Illinois,Furniture,Chairs,Chairs - Model 7,31.71,0.1,8,1.88
US-2018-1280,2017-09-23,Customer 285,Corporate,South,New York,Technology,Copiers,Copiers - Model 55,455.48,0.0,10,0.2
US-2020-1281,2021-03-16,Customer 194,Consumer,East,California,Office Supplies,Binders,Binders - Model 29,390.5,0.3,6,-225.5
US-2019-1282,2017-12-28,Customer 378,Corporate,South,Washington,Office Supplies,Labels,Labels - Model 29,73.57,0.1,11,17.5
US-2017-1283,2017-02-11,Customer 904,Corporate,Central,Florida,Office Supplies,Labels,Labels - Model 62,1268.62,0.1,9,138.74
US-2017-1284,2017-12-01,Customer 471,Home Office,South,Illinois,Furniture,Tables,Tables - Model 33,1225.63,0.0,2,95.91
US-2018-1285,2020-10-18,Customer 496,Corporate,West,Texas,Office Supplies,Binders,Binders - Model 6,361.56,0.2,9,70.7
US-2018-1286,2020-10-31,Customer 940,Corporate,West,New York,Furniture,Tables,Tables - Model 97,492.31,0.1,10,-175.22
US-2019-1287,2018-05-24,Customer 920,Consumer,East,Washington,Technology,Copiers,Copiers - Model 97,1486.64,0.2,5,-530.99
US-2021-1288,2017-07-05,Customer 885,Consumer,West,California,Office Supplies,Binders,Binders - Model 23,1079.02,0.2,10,-331.19
US-2018-1289,2018-06-27,Customer 355,Consumer,Central,Florida,Technology,Phones,Phones - Model 53,270.51,0.1,1,-45.33
US-2020-1290,2021-07-07,Customer 809,Consumer,East,California,Office Supplies,Binders,Binders - Model 27,264.87,0.1,7,-12.02
US-2021-1291,2020-06-24,Customer 503,Consumer,Central,Washington,Office Supplies,Binders,Binders - Model 92,1400.11,0.2,12,-82.71
US-2021-1292,2018-09-27,Customer 829,Home Office,East,New York,Office Supplies,Paper,Paper - Model 39,1114.22,0.0,7,-208.88
US-2021-1293,2018-09-28,Customer 932,Home Office,Central,New York,Office Supplies,Labels,Labels - Model 10,978.19,0.0,6,89.66
US-2018-1294,2019-09-28,Customer 442,Consumer,East,New York,Office Supplies,Binders,Binders - Model 87,1214.64,0.0,14,96.22
US-2018-1295,2018-03-09,Customer 873,Corporate,South,Florida,Furniture,Bookcases,Bookcases - Model 5,459.09,0.3,15,-28.22
US-2018-1296,2020-08-26,Customer 765,Home Office,West,California,Office Supplies,Binders,Binders - Model 43,35.1,0.0,12,0.05
US-2020-1297,2017-11-01,Customer 335,Home Office,East,California,Technology,Accessories,Accessories - Model 65,219.66,0.3,15,-81.96
US-2020-1298,2018-08-11,Customer 248,Home Office,Central,New York,Office Supplies,Paper,Paper - Model 47,1442.75,0.1,4,406.42
US-2017-1299,2019-05-15,Customer 153,Corporate,South,Washington,Technology,Accessories,Accessories - Model 42,1046.92,0.2,5,-193.21
US-2017-1300,2018-08-09,Customer 542,Home Office,West,Florida,Furniture,Chairs,Chairs - Model 36,924.31,0.1,13,139.44
US-2017-1301,2017-06-08,Customer 150,Corporate,Central,New York,Office Supplies,Labels,Labels - Model 40,1255.37,0.2,7,152.72
US-2021-1302,2020-01-21,Customer 508,Home Office,South,California,Office Supplies,Binders,Binders - Model 61,633.88,0.3,6,-186.86
US-2021-1303,2021-11-02,Customer 127,Corporate,South,Illinois,Technology,Accessories,Accessories - Model 8,1418.81,0.3,15,-780.66
US-2021-1304,2021-12-21,Customer 657,Home Office,South,Florida,Office Supplies,Binders,Binders - Model 88,747.84,0.0,10,-30.25
US-2017-1305,2017-05-26,Customer 389,Home Office,Central,Florida,Office Supplies,Paper,Paper - Model 22,559.08,0.2,11,-141.81
US-2019-1306,2017-04-18,Customer 865,Home Office,West,Illinois,Office Supplies,Paper,Paper - Model 4,511.14,0.0,10,85.34
US-2021-1307,2020-10-12,Customer 722,Home Office,East,New York,Technology,Accessories,Accessories - Model 2,1119.29,0.0,2,290.47
US-2021-1308,2017-03-03,Customer 928,Consumer,Central,Florida,Technology,Copiers,Copiers - Model 90,531.87,0.3,2,1.21
US-2019-1309,2018-10-06,Customer 570,Consumer,South,California,Technology,Phones,Phones - Model 93,480.74,0.2,9,-150.73
US-2020-1310,2017-01-25,Customer 736,Corporate,East,Florida,Office Supplies,Paper,Paper - Model 81,1252.16,0.1,11,255.31
US-2017-1311,2021-01-14,Customer 163,Consumer,West,California,Furniture,Chairs,Chairs - Model 55,85.71,0.1,3,2.51
US-2019-1312,2021-01-12,Customer 635,Home Office,West,California,Technology,Accessories,Accessories - Model 85,1351.16,0.2,2,154.21
US-2020-1313,2018-01-08,Customer 996,Consumer,South,Washington,Furniture,Bookcases,Bookcases - Model 54,701.84,0.0,8,276.45
US-2020-1314,2017-01-01,Customer 264,Home Office,East,Washington,Office Supplies,Binders,Binders - Model 33,84.17,0.1,3,-21.76
US-2017-1315,2017-02-27,Customer 413,Consumer,Central,Texas,Furniture,Chairs,Chairs - Model 55,1365.9,0.1,10,54.32
US-2020-1316,2019-08-06,Customer 563,Home Office,South,Florida,Furniture,Bookcases,Bookcases - Model 46,977.81,0.1,11,-300.37
US-2018-1317,2020-08-20,Customer 313,Corporate,Central,New York,Furniture,Bookcases,Bookcases - Model 10,201.11,0.3,11,-68.11
US-2020-1318,2021-04-09,Customer 579,Home Office,East,Florida,Furniture,Bookcases,Bookcases - Model 87,935.06,0.0,13,-129.89
US-2018-1319,2019-05-02,Customer 809,Consumer,West,Washington,Technology,Phones,Phones - Model 35,633.76,0.3,7,-304.98
US-2021-1320,2021-11-29,Customer 586,Corporate,West,Washington,Furniture,Tables,Tables - Model 78,140.76,0.3,3,-11.91
US-2021-1321,2017-07-26,Customer 356,Corporate,Central,Florida,Office Supplies,Paper,Paper - Model 70,540.17,0.1,3,45.89
US-2017-1322,2019-11-16,Customer 984,Consumer,Central,New York,Office Supplies,Binders,Binders - Model 4,1094.78,0.0,13,-284.14
US-2017-1323,2019-06-15,Customer 652,Consumer,East,Illinois,Furniture,Tables,Tables - Model 1,370.32,0.3,10,-108.06
US-2018-1324,2020-07-01,Customer 601,Corporate,Central,California,Furniture,Chairs,Chairs - Model 12,1267.78,0.0,10,403.81
US-2018-1325,2018-07-27,Customer 407,Corporate,West,California,Furniture,Tables,Tables - Model 43,427.59,0.2,4,-29.09
US-2017-1326,2020-07-06,Customer 403,Home Office,East,Texas,Technology,Accessories,Accessories - Model 3,947.91,0.0,5,216.74
US-2018-1327,2021-05-08,Customer 447,Consumer,West,New York,Furniture,Bookcases,Bookcases - Model 63,677.02,0.2,14,-129.64
US-2020-1328,2018-02-07,Customer 759,Consumer,West,California,Technology,Phones,Phones - Model 87,1466.7,0.3,1,-548.05
US-2020-1329,2017-11-03,Customer 842,Consumer,East,New York,Office Supplies,Binders,Binders - Model 14,1245.35,0.3,9,-440.64
US-2021-1330,2019-01-18,Customer 642,Corporate,South,California,Furniture,Bookcases,Bookcases - Model 86,259.82,0.2,15,41.81
US-2017-1331,2020-03-25,Customer 142,Home Office,West,Texas,Furniture,Tables,Tables - Model 92,1281.08,0.1,12,332.61
US-2020-1332,2019-10-03,Customer 441,Home Office,West,California,Technology,Phones,Phones - Model 48,72.69,0.3,6,-22.92
US-2019-1333,2020-01-11,Customer 159,Corporate,West,California,Furniture,Chairs,Chairs - Model 5,1044.11,0.0,12,-183.93
US-2017-1334,2021-07-05,Customer 553,Consumer,East,New York,Furniture,Chairs,Chairs - Model 12,138.64,0.2,8,-2.79
US-2018-1335,2021-08-24,Customer 607,Consumer,West,Illinois,Office Supplies,Paper,Paper - Model 80,987.77,0.3,4,-353.16
US-2021-1336,2017-04-22,Customer 426,Corporate,Central,New York,Furniture,Bookcases,Bookcases - Model 44,929.57,0.1,10,-112.4
US-2017-1337,2020-11-11,Customer 982,Corporate,Central,Washington,Office Supplies,Binders,Binders - Model 55,921.92,0.1,7,-323.06
US-2020-1338,2018-02-23,Customer 844,Home Office,West,California,Furniture,Chairs,Chairs - Model 85,1180.99,0.3,8,-490.95
US-2021-1339,2019-11-13,Customer 324,Consumer,East,California,Office Supplies,Binders,Binders - Model 62,187.45,0.0,7,20.49
US-2020-1340,2020-09-22,Customer 586,Corporate,Central,Florida,Technology,Copiers,Copiers - Model 16,403.88,0.1,4,58.93
US-2018-1341,2019-03-16,Customer 708,Corporate,East,Washington,Furniture,Bookcases,Bookcases - Model 41,962.42,0.0,12,-29.64
US-2019-1342,2017-07-06,Customer 727,Consumer,Central,Washington,Furniture,Chairs,Chairs - Model 34,336.68,0.1,1,-103.54
US-2017-1343,2021-01-18,Customer 134,Consumer,East,Texas,Furniture,Bookcases,Bookcases - Model 73,749.83,0.0,8,-175.44
US-2021-1344,2017-04-27,Customer 700,Home Office,East,Illinois,Office Supplies,Binders,Binders - Model 35,1006.91,0.3,12,-424.69
US-2019-1345,2021-02-28,Customer 437,Corporate,West,New York,Technology,Phones,Phones - Model 17,829.23,0.3,5,-212.81
US-2019-1346,2020-02-21,Customer 882,Home Office,West,Florida,Office Supplies,Binders,Binders - Model 96,631.8,0.1,9,-140.26
US-2020-1347,2021-11-26,Customer 155,Corporate,East,California,Technology,Phones,Phones - Model 40,966.22,0.1,10,-108.62
US-2018-1348,2020-09-30,Customer 859,Home Office,West,New York,Technology,Accessories,Accessories - Model 9,684.77,0.0,2,-81.52
US-2018-1349,2021-08-09,Customer 532,Corporate,Central,California,Technology,Accessories,Accessories - Model 48,1172.04,0.2,10,-585.13
US-2020-1350,2017-06-20,Customer 575,Consumer,West,New York,Technology,Copiers,Copiers - Model 9,980.31,0.1,9,106.43
US-2018-1351,2020-10-24,Customer 877,Consumer,Central,Washington,Technology,Accessories,Accessories - Model 79,682.5,0.0,9,-93.76
US-2021-1352,2021-05-17,Customer 668,Consumer,South,Texas,Furniture,Bookcases,Bookcases - Model 15,237.16,0.2,2,-64.74
US-2020-1353,2018-02-02,Customer 432,Consumer,West,Texas,Furniture,Chairs,Chairs - Model 40,432.84,0.0,12,-102.32
US-2021-1354,2018-05-25,Customer 238,Home Office,East,California,Office Supplies,Labels,Labels - Model 65,196.02,0.2,3,-59.74
US-2017-1355,2020-06-24,Customer 420,Home Office,East,Florida,Office Supplies,Labels,Labels - Model 38,382.52,0.3,14,-60.87
US-2019-1356,2021-01-13,Customer 405,Consumer,South,Florida,Furniture,Tables,Tables - Model 51,669.58,0.2,6,-82.4
US-2019-1357,2018-01-26,Customer 383,Corporate,West,Florida,Office Supplies,Paper,Paper - Model 41,458.24,0.0,15,113.76
US-2020-1358,2017-04-23,Customer 370,Consumer,Central,Illinois,Furniture,Tables,Tables - Model 99,1275.3,0.3,1,86.64
US-2021-1359,2020-05-06,Customer 329,Corporate,East,Illinois,Technology,Accessories,Accessories - Model 100,445.63,0.3,6,-59.35
US-2017-1360,2017-12-19,Customer 135,Consumer,East,Texas,Technology,Copiers,Copiers - Model 60,76.09,0.0,8,15.6
US-2018-1361,2017-07-28,Customer 343,Consumer,East,New York,Office Supplies,Labels,Labels - Model 55,198.49,0.0,7,55.7
US-2017-1362,2019-01-20,Customer 301,Consumer,West,Florida,Furniture,Bookcases,Bookcases - Model 27,59.3,0.1,12,-21.07
US-2019-1363,2019-09-07,Customer 331,Corporate,South,Illinois,Office Supplies,Binders,Binders - Model 89,1493.48,0.1,14,398.48
US-2019-1364,2017-12-04,Customer 568,Home Office,Central,New York,Technology,Phones,Phones - Model 42,1044.31,0.1,15,-303.48
US-2019-1365,2017-04-22,Customer 153,Consumer,South,Washington,Furniture,Tables,Tables - Model 7,656.07,0.2,5,-219.63
US-2020-1366,2021-02-20,Customer 743,Corporate,South,New York,Technology,Phones,Phones - Model 1,1414.27,0.0,4,385.46
US-2020-1367,2018-03-26,Customer 257,Corporate,South,Texas,Furniture,Tables,Tables - Model 40,788.73,0.2,12,-191.29
US-2019-1368,2019-10-23,Customer 398,Home Office,South,Florida,Office Supplies,Binders,Binders - Model 100,1365.94,0.1,4,142.2
US-2019-1369,2020-01-12,Customer 442,Corporate,South,New York,Furniture,Bookcases,Bookcases - Model 89,46.51,0.0,10,-7.54
US-2019-1370,2017-07-10,Customer 857,Corporate,Central,Illinois,Office Supplies,Labels,Labels - Model 85,924.94,0.3,13,-18.44
US-2018-1371,2017-11-08,Customer 243,Home Office,East,New York,Furniture,Chairs,Chairs - Model 73,216.35,0.1,10,-13.5
US-2021-1372,2019-05-23,Customer 788,Home Office,East,Washington,Furniture,Bookcases,Bookcases - Model 65,757.78,0.2,10,-131.92
US-2019-1373,2017-05-15,Customer 426,Home Office,East,New York,Technology,Copiers,Copiers - Model 76,393.26,0.2,7,-95.57
US-2017-1374,2021-02-12,Customer 888,Consumer,West,Texas,Technology,Copiers,Copiers - Model 77,985.48,0.1,1,166.74
US-2019-1375,2017-09-20,Customer 273,Consumer,Central,New York,Office Supplies,Labels,Labels - Model 70,1320.4,0.3,4,73.08
US-2017-1376,2017-06-11,Customer 892,Corporate,West,Florida,Technology,Copiers,Copiers - Model 59,36.15,0.2,5,-1.51
US-2018-1377,2019-12-09,Customer 871,Consumer,East,Texas,Office Supplies,Paper,Paper - Model 68,310.25,0.2,13,-88.54
US-2020-1378,2020-01-08,Customer 536,Home Office,Central,Washington,Technology,Accessories,Accessories - Model 81,410.88,0.3,2,-184.57
US-2020-1379,2020-08-27,Customer 756,Home Office,South,Texas,Technology,Phones,Phones - Model 66,404.48,0.2,5,-87.9
US-2017-1380,2021-09-19,Customer 293,Home Office,Central,Illinois,Office Supplies,Binders,Binders - Model 92,597.52,0.1,5,-130.1
US-2017-1381,2020-11-12,Customer 274,Consumer,South,Washington,Technology,Copiers,Copiers - Model 28,917.47,0.3,14,-75.31
US-2017-1382,2020-01-22,Customer 750,Home Office,South,Florida,Furniture,Tables,Tables - Model 93,307.81,0.0,4,96.67
US-2017-1383,2020-05-05,Customer 325,Home Office,East,Washington,Furniture,Chairs,Chairs - Model 39,194.76,0.1,11,-59.5
US-2019-1384,2020-02-07,Customer 563,Home Office,Central,Illinois,Office Supplies,Labels,Labels - Model 26,1394.92,0.2,15,124.36
US-2019-1385,2018-02-06,Customer 794,Corporate,South,Washington,Technology,Phones,Phones - Model 14,1033.54,0.3,11,11.23
US-2021-1386,2018-06-12,Customer 107,Consumer,West,Washington,Furniture,Chairs,Chairs - Model 100,998.36,0.3,2,-598.66
US-2021-1387,2020-02-20,Customer 616,Corporate,South,New York,Office Supplies,Paper,Paper - Model 2,820.97,0.2,13,-234.9
US-2018-1388,2021-06-01,Customer 750,Consumer,East,Illinois,Furniture,Tables,Tables - Model 88,1204.49,0.1,15,-188.31
US-2019-1389,2019-01-01,Customer 582,Corporate,East,New York,Technology,Accessories,Accessories - Model 91,14.82,0.3,13,-1.17
US-2018-1390,2017-12-13,Customer 585,Consumer,West,Florida,Furniture,Bookcases,Bookcases - Model 67,1015.66,0.1,1,-46.71
US-2021-1391,2019-03-05,Customer 819,Corporate,East,California,Technology,Copiers,Copiers - Model 74,930.05,0.2,10,-458.96
US-2021-1392,2017-06-04,Customer 265,Consumer,East,New York,Office Supplies,Labels,Labels - Model 5,275.28,0.0,4,-55.51
US-2021-1393,2017-11-04,Customer 195,Corporate,South,New York,Office Supplies,Labels,Labels - Model 92,929.59,0.2,6,-189.18
US-2017-1394,2019-12-05,Customer 425,Home Office,Central,Texas,Office Supplies,Paper,Paper - Model 20,1380.46,0.3,10,-374.78
US-2017-1395,2018-01-08,Customer 692,Home Office,South,Texas,Furniture,Bookcases,Bookcases - Model 35,868.7,0.1,9,-9.27
US-2020-1396,2020-05-18,Customer 697,Consumer,South,California,Furniture,Tables,Tables - Model 14,507.37,0.2,10,-118.97
US-2018-1397,2020-01-08,Customer 155,Home Office,East,New York,Office Supplies,Binders,Binders - Model 39,130.95,0.1,13,-28.71
US-2019-1398,2019-04-23,Customer 905,Corporate,West,California,Furniture,Chairs,Chairs - Model 91,1289.27,0.2,12,223.88
US-2019-1399,2018-12-01,Customer 902,Consumer,West,Illinois,Furniture,Chairs,Chairs - Model 66,1081.89,0.3,11,-408.06
US-2017-1400,2018-09-23,Customer 699,Consumer,South,Illinois,Office Supplies,Labels,Labels - Model 90,232.81,0.0,13,53.96
US-2020-1401,2018-03-30,Customer 382,Corporate,South,New York,Technology,Accessories,Accessories - Model 4,718.81,0.3,10,-199.46
US-2020-1402,2021-10-14,Customer 412,Corporate,West,California,Technology,Copiers,Copiers - Model 75,1004.26,0.1,4,-205.24
US-2019-1403,2020-03-24,Customer 853,Home Office,West,California,Technology,Copiers,Copiers - Model 37,508.62,0.1,14,-122.44
US-2018-1404,2021-07-23,Customer 386,Corporate,Central,Washington,Technology,Copiers,Copiers - Model 33,954.28,0.0,5,229.9
US-2020-1405,2018-03-09,Customer 734,Home Office,South,Florida,Office Supplies,Labels,Labels - Model 63,221.86,0.1,3,-74.09
US-2018-1406,2019-07-23,Customer 178,Consumer,South,California,Office Supplies,Binders,Binders - Model 77,525.96,0.1,3,98.98
US-2021-1407,2019-04-17,Customer 312,Corporate,South,Washington,Technology,Copiers,Copiers - Model 12,407.18,0.3,15,-91.06
US-2017-1408,2019-10-07,Customer 552,Corporate,South,Texas,Technology,Accessories,Accessories - Model 6,811.09,0.1,12,18.85
US-2019-1409,2020-07-08,Customer 177,Corporate,East,Florida,Technology,Phones,Phones - Model 42,923.14,0.1,7,-8.82
US-2021-1410,2021-10-06,Customer 635,Corporate,Central,Texas,Office Supplies,Labels,Labels - Model 72,626.7,0.0,14,-80.83
US-2018-1411,2018-07-13,Customer 567,Corporate,Central,Washington,Furniture,Tables,Tables - Model 43,1082.0,0.1,6,-18.9
US-2021-1412,2021-01-20,Customer 749,Consumer,East,Florida,Furniture,Chairs,Chairs - Model 46,1011.64,0.1,4,205.33
US-2019-1413,2020-10-04,Customer 256,Home Office,East,California,Furniture,Bookcases,Bookcases - Model 92,796.45,0.2,8,-234.57
US-2020-1414,2018-09-06,Customer 450,Corporate,West,Texas,Technology,Phones,Phones - Model 67,518.54,0.3,15,-160.37
US-2021-1415,2019-08-23,Customer 634,Corporate,Central,Illinois,Furniture,Chairs,Chairs - Model 45,500.14,0.0,9,175.67
US-2019-1416,2020-10-28,Customer 214,Consumer,West,Texas,Technology,Accessories,Accessories - Model 24,420.14,0.1,12,16.91
US-2017-1417,2020-07-28,Customer 192,Home Office,East,California,Office Supplies,Binders,Binders - Model 18,721.43,0.2,2,74.77
US-2021-1418,2020-08-12,Customer 997,Home Office,Central,Florida,Technology,Phones,Phones - Model 32,754.05,0.2,5,-103.6
US-2018-1419,2017-11-07,Customer 426,Consumer,West,California,Technology,Phones,Phones - Model 40,671.55,0.2,12,-185.44
US-2018-1420,2018-04-20,Customer 623,Corporate,West,Florida,Office Supplies,Paper,Paper - Model 38,550.67,0.2,2,-145.63
US-2021-1421,2018-02-01,Customer 357,Consumer,West,New York,Furniture,Chairs,Chairs - Model 14,593.05,0.0,13,9.67
US-2018-1422,2018-08-08,Customer 722,Home Office,South,New York,Technology,Phones,Phones - Model 18,267.29,0.2,10,32.56
US-2020-1423,2019-02-24,Customer 955,Consumer,East,Illinois,Furniture,Tables,Tables - Model 32,1379.26,0.0,3,66.01
US-2021-1424,2018-07-19,Customer 431,Consumer,West,Washington,Technology,Accessories,Accessories - Model 16,1489.58,0.3,1,-856.17
US-2017-1425,2021-07-05,Customer 486,Home Office,East,California,Office Supplies,Binders,Binders - Model 80,205.57,0.1,13,53.32
US-2020-1426,2021-01-09,Customer 467,Home Office,South,Texas,Furniture,Chairs,Chairs - Model 63,787.53,0.1,6,62.55
US-2021-1427,2019-02-10,Customer 847,Corporate,South,Washington,Furniture,Tables,Tables - Model 72,390.29,0.3,2,-32.35
US-2019-1428,2021-02-05,Customer 704,Home Office,East,Washington,Technology,Accessories,Accessories - Model 31,914.46,0.2,13,-78.61
US-2020-1429,2019-04-10,Customer 620,Home Office,East,Washington,Furniture,Bookcases,Bookcases - Model 59,736.09,0.3,6,-164.97
US-2020-1430,2020-11-11,Customer 778,Home Office,West,California,Technology,Accessories,Accessories - Model 11,1047.32,0.2,7,-285.75
US-2020-1431,2019-05-29,Customer 154,Corporate,East,Texas,Technology,Phones,Phones - Model 88,480.83,0.0,5,53.06
US-2019-1432,2020-07-13,Customer 527,Consumer,Central,Texas,Furniture,Bookcases,Bookcases - Model 13,1353.78,0.3,7,-495.68
US-2021-1433,2019-07-14,Customer 497,Corporate,East,New York,Furniture,Chairs,Chairs - Model 17,1134.32,0.1,12,-447.7
US-2019-1434,2019-01-07,Customer 852,Home Office,West,California,Furniture,Bookcases,Bookcases - Model 78,1186.47,0.2,3,-558.41
US-2019-1435,2019-02-14,Customer 205,Corporate,West,Illinois,Furniture,Tables,Tables - Model 17,899.81,0.0,5,162.13
US-2020-1436,2020-09-19,Customer 672,Consumer,Central,Texas,Furniture,Tables,Tables - Model 40,1078.38,0.2,6,-470.15
US-2017-1437,2021-10-19,Customer 679,Consumer,East,Texas,Office Supplies,Binders,Binders - Model 86,160.98,0.0,15,61.41
US-2020-1438,2018-01-21,Customer 115,Corporate,West,Illinois,Office Supplies,Labels,Labels - Model 40,1106.51,0.0,14,145.0
US-2018-1439,2020-08-09,Customer 375,Corporate,South,Washington,Furniture,Chairs,Chairs - Model 19,1322.19,0.3,14,37.16
US-2019-1440,2020-05-31,Customer 855,Corporate,East,California,Office Supplies,Binders,Binders - Model 42,1499.58,0.2,10,88.37
US-2018-1441,2020-08-12,Customer 515,Home Office,South,New York,Technology,Accessories,Accessories - Model 87,47.37,0.3,13,-6.41
US-2021-1442,2019-12-22,Customer 992,Home Office,East,California,Technology,Phones,Phones - Model 72,572.07,0.3,2,-278.61
US-2017-1443,2018-07-25,Customer 428,Consumer,Central,Texas,Office Supplies,Labels,Labels - Model 28,523.85,0.3,15,47.17
US-2017-1444,2021-12-14,Customer 210,Consumer,East,Illinois,Office Supplies,Binders,Binders - Model 6,748.44,0.0,6,39.26
US-2018-1445,2018-05-07,Customer 930,Home Office,South,New York,Office Supplies,Binders,Binders - Model 46,735.22,0.1,11,62.63
US-2018-1446,2020-03-03,Customer 312,Home Office,Central,New York,Furniture,Bookcases,Bookcases - Model 29,1058.07,0.1,6,-99.61
US-2017-1447,2021-12-01,Customer 775,Home Office,Central,Illinois,Furniture,Chairs,Chairs - Model 45,1092.9,0.3,10,57.38
US-2019-1448,2017-05-28,Customer 440,Corporate,West,New York,Technology,Phones,Phones - Model 78,1330.94,0.1,7,-146.77
US-2018-1449,2020-09-16,Customer 571,Home Office,East,California,Technology,Accessories,Accessories - Model 68,1338.75,0.2,2,62.44
US-2021-1450,2017-09-03,Customer 108,Consumer,South,Illinois,Technology,Accessories,Accessories - Model 32,716.69,0.0,13,-163.38
US-2021-1451,2019-08-28,Customer 167,Consumer,South,Texas,Furniture,Chairs,Chairs - Model 32,1460.9,0.1,2,-350.13
US-2019-1452,2019-10-25,Customer 605,Home Office,Central,New York,Furniture,Tables,Tables - Model 13,1077.56,0.3,1,-535.92
US-2018-1453,2018-02-01,Customer 644,Consumer,East,Texas,Furniture,Tables,Tables - Model 81,1458.39,0.3,14,-529.57
US-2018-1454,2018-09-24,Customer 629,Consumer,East,Washington,Technology,Accessories,Accessories - Model 35,1336.94,0.1,1,-462.47
US-2018-1455,2017-11-30,Customer 672,Home Office,Central,California,Office Supplies,Binders,Binders - Model 16,1068.44,0.0,7,-58.51
US-2017-1456,2018-11-02,Customer 231,Home Office,Central,Illinois,Office Supplies,Binders,Binders - Model 93,853.56,0.3,8,-414.26
US-2018-1457,2018-10-30,Customer 650,Home Office,West,New York,Office Supplies,Labels,Labels - Model 65,1102.34,0.2,12,-479.18
US-2021-1458,2021-01-07,Customer 480,Corporate,East,Washington,Office Supplies,Binders,Binders - Model 23,477.06,0.2,5,-72.24
US-2017-1459,2017-09-25,Customer 224,Home Office,South,California,Office Supplies,Binders,Binders - Model 85,1109.85,0.1,15,-343.81
US-2019-1460,2017-07-16,Customer 402,Corporate,East,Washington,Technology,Accessories,Accessories - Model 13,626.74,0.1,11,62.41
US-2017-1461,2019-05-23,Customer 497,Corporate,Central,New York,Technology,Accessories,Accessories - Model 64,56.39,0.2,12,-25.02
US-2019-1462,2017-03-14,Customer 592,Consumer,East,Florida,Technology,Copiers,Copiers - Model 28,745.14,0.0,5,-98.6
US-2020-1463,2021-11-12,Customer 961,Consumer,Central,Washington,Office Supplies,Paper,Paper - Model 51,903.49,0.3,8,-189.48
US-2021-1464,2018-10-27,Customer 379,Corporate,Central,New York,Furniture,Bookcases,Bookcases - Model 75,372.15,0.2,5,-38.94
US-2020-1465,2018-11-15,Customer 630,Consumer,Central,Illinois,Technology,Phones,Phones - Model 68,361.2,0.0,2,-22.68
US-2020-1466,2020-06-23,Customer 785,Corporate,Central,Texas,Furniture,Chairs,Chairs - Model 54,550.13,0.1,2,-76.74
US-2017-1467,2018-04-08,Customer 602,Consumer,South,Washington,Furniture,Chairs,Chairs - Model 8,922.06,0.3,8,-175.91
US-2017-1468,2021-04-10,Customer 470,Corporate,East,California,Technology,Phones,Phones - Model 10,204.56,0.3,14,-100.03
US-2021-1469,2021-10-04,Customer 140,Consumer,South,Illinois,Furniture,Bookcases,Bookcases - Model 36,249.28,0.0,5,52.39
US-2018-1470,2019-07-03,Customer 363,Consumer,Central,Illinois,Technology,Accessories,Accessories - Model 45,807.47,0.3,11,-182.75
US-2018-1471,2020-10-31,Customer 368,Home Office,Central,New York,Technology,Accessories,Accessories - Model 29,1132.86,0.2,8,0.7
US-2019-1472,2018-05-31,Customer 930,Home Office,West,New York,Office Supplies,Paper,Paper - Model 19,186.08,0.2,5,-21.76
US-2018-1473,2020-09-19,Customer 769,Consumer,East,Texas,Furniture,Bookcases,Bookcases - Model 74,164.77,0.0,2,44.88
US-2021-1474,2017-10-13,Customer 726,Corporate,South,Washington,Technology,Phones,Phones - Model 21,604.66,0.2,2,-72.37
US-2020-1475,2019-05-02,Customer 480,Corporate,West,Illinois,Office Supplies,Binders,Binders - Model 26,1262.31,0.0,14,323.14
US-2021-1476,2018-08-02,Customer 215,Consumer,East,New York,Office Supplies,Paper,Paper - Model 53,851.77,0.0,10,-50.95
US-2019-1477,2017-12-29,Customer 111,Corporate,West,Texas,Furniture,Tables,Tables - Model 47,381.62,0.3,1,-3.33
US-2018-1478,2019-09-09,Customer 927,Corporate,Central,New York,Office Supplies,Paper,Paper - Model 11,1433.88,0.0,6,415.75
US-2017-1479,2020-09-18,Customer 473,Corporate,West,Florida,Technology,Accessories,Accessories - Model 92,1221.99,0.1,15,344.06
US-2017-1480,2018-03-30,Customer 515,Corporate,West,Texas,Office Supplies,Labels,Labels - Model 23,428.55,0.2,3,51.32
US-2020-1481,2018-11-15,Customer 939,Home Office,South,Texas,Technology,Copiers,Copiers - Model 93,304.94,0.3,5,-98.86
US-2020-1482,2019-02-01,Customer 236,Corporate,West,Florida,Furniture,Chairs,Chairs - Model 16,185.77,0.2,2,-90.13
US-2021-1483,2019-09-12,Customer 128,Consumer,East,Illinois,Technology,Copiers,Copiers - Model 99,308.01,0.1,4,-90.98
US-2019-1484,2021-12-25,Customer 572,Corporate,East,Texas,Technology,Accessories,Accessories - Model 62,660.28,0.1,11,-243.71
US-2020-1485,2020-10-04,Customer 695,Corporate,Central,Washington,Office Supplies,Binders,Binders - Model 50,215.75,0.1,5,56.96
US-2019-1486,2017-11-01,Customer 439,Corporate,West,Florida,Office Supplies,Labels,Labels - Model 67,1188.2,0.0,8,-339.96
US-2021-1487,2020-05-01,Customer 759,Consumer,Central,Illinois,Technology,Copiers,Copiers - Model 15,1437.44,0.2,13,254.45
US-2021-1488,2019-09-30,Customer 161,Corporate,Central,Washington,Office Supplies,Binders,Binders - Model 35,506.31,0.1,3,59.97
US-2017-1489,2020-07-20,Customer 185,Home Office,South,New York,Furniture,Chairs,Chairs - Model 83,1129.52,0.2,3,18.82
US-2021-1490,2017-03-30,Customer 406,Home Office,East,Texas,Office Supplies,Paper,Paper - Model 35,829.51,0.3,3,73.46
US-2020-1491,2020-04-19,Customer 647,Home Office,Central,Washington,Technology,Copiers,Copiers - Model 90,1237.67,0.2,4,-27.05
US-2021-1492,2021-06-23,Customer 942,Corporate,West,Washington,Furniture,Tables,Tables - Model 55,70.19,0.1,10,-5.26
US-2018-1493,2017-02-17,Customer 871,Home Office,Central,Illinois,Technology,Copiers,Copiers - Model 50,424.33,0.3,3,-154.79
US-2019-1494,2019-11-19,Customer 283,Home Office,South,Washington,Furniture,Bookcases,Bookcases - Model 24,120.99,0.3,1,-42.19
US-2018-1495,2017-07-03,Customer 621,Consumer,East,Washington,Office Supplies,Paper,Paper - Model 97,550.42,0.0,12,-39.63
US-2021-1496,2018-06-12,Customer 384,Corporate,West,California,Technology,Accessories,Accessories - Model 21,756.31,0.0,7,-110.47
US-2019-1497,2020-11-01,Customer 597,Corporate,Central,California,Furniture,Tables,Tables - Model 85,1072.2,0.3,13,-462.84
US-2021-1498,2020-09-06,Customer 683,Home Office,South,New York,Technology,Copiers,Copiers - Model 73,701.18,0.3,11,-54.57
US-2019-1499,2018-05-14,Customer 814,Home Office,Central,Washington,Furniture,Chairs,Chairs - Model 53,1477.39,0.0,3,-32.89
